B07N1XLFXV,Iron Flask Sports Water Bottle - 32 Oz 3 Lids (Straw Lid)Vacuum Insulated Stainless Steel Modern Double Walled Simple Thermo Mug Hydro Metal Canteen,$23.95,4.8 out of 5 stars,50393 ratings,In Stock.
B009QXDE32,Comotomo Baby Bottle Green 8 Ounce (2 Count),$21.99,4.7 out of 5 stars,24535 ratings,In Stock.
B08RDTNVYG,Gallon Water Bottle with Straw Lid - BPA Free Water Bottle with Time Marker Handle and Carry Strap Reusable Leaf-Proof Water Jug for Outdoor Sports Gym Workout and Camping,$14.99 - $17.99,4.5 out of 5 stars,13 ratings,N/A
B0889Q6GX2,NUK Simply Natural Baby Bottle 5 Oz 12 Pack 0+ Months,$51.20,4.7 out of 5 stars,7400 ratings,In Stock.
B08GHTV5V3,Elvira 32oz Motivational Fitness Sports Water Bottle with Time Marker & Removable StrainerFast FlowFlip Top Leakproof Durable BPA Free Non-Toxic,$18.99,4.8 out of 5 stars,4659 ratings,In Stock.
B07ZVK97X5,Amazon Basics Stainless Steel Insulated Water Bottle with Spout Lid â€“ 30-Ounce Teal,$14.99,4.7 out of 5 stars,522 ratings,In Stock.
B08B9228MV,HotFun 32oz Water Bottle with Straw BPA Free Water Bottle Hydration with Motivational Time Marker Reminder Leak-Proof Drinking Water Bottle for Camping Sports Workouts and Outdoor Activity,$14.98,4.8 out of 5 stars,444 ratings,In Stock.
B0878XXTST,Fidus Large 1 Gallon Motivational Water Bottle with Paracord Handle & Removable Straw - BPA Free Leakproof Water Jug with Time Marker to Ensure You Drink Enough Water Throughout the Day,$22.99,4.6 out of 5 stars,15288 ratings,In Stock.
B00K5KVC98,Tommee Tippee Closer to Nature Baby Bottle Anti-Colic Breast-like Nipple BPA-Free - Extra Slow Flow 5 Ounce (4 Count) Translucent (522568),$15.89,4.6 out of 5 stars,6192 ratings,In Stock.
B01845QH7M,Dr. Brown's Baby Bottle Options+ Anti-Colic Narrow Bottle 8 Ounce (Pack of 4),$22.99,4.8 out of 5 stars,11066 ratings,In Stock.
